from,to
"Aquimarina","Aquimarina sp. AD1"
"Sphingobacterium","Sphingobacterium sp. DR205"
"Capnocytophaga","Capnocytophaga gingivalis"
"Flavobacteriaceae","Algibacter"
"Prevotella","Prevotella ruminicola"
"Prolixibacteraceae","Prolixibacteraceae bacterium WC007"
"Rhodothermaceae","Salinibacter"
"Antarcticibacterium","Antarcticibacterium flavum"
"Elizabethkingia","Elizabethkingia bruuniana"
"Odoribacteraceae","Odoribacter"
"Cytophagales","Cyclobacteriaceae"
"Bacteroidia","Bacteroidales"
"Planobacterium","Chryseobacterium taklimakanense"
"Flavobacteriales","Weeksellaceae"
"Alistipes","Alistipes communis"
"Weeksellaceae","Cloacibacterium"
"Capnocytophaga","Capnocytophaga sp. H4358"
"Draconibacterium","Draconibacterium orientale"
"Cellulophaga","Cellulophaga baltica"
"Galbibacter","Galbibacter sp. BG1"
"Chitinophagaceae","Flavisolibacter"
"Bacteroides","Bacteroides zoogleoformans"
"Flavobacteriaceae","Aequorivita"
"Bacteroidales","Prevotellaceae"
"Thermoflavifilum","Thermoflavifilum sp."
"Flavobacterium","Flavobacterium faecale"
"Adhaeribacter","Adhaeribacter swui"
"Bacteroidetes","Bacteroidetes Order II. Incertae sedis"
"Alkalitalea","Alkalitalea saponilacus"
"Weeksellaceae","Bergeyella"
"Flavobacteriaceae","Psychroserpens"
"Flavobacteriales","Schleiferiaceae"
"Tannerella","Tannerella forsythia"
"Fluviicola","Candidatus Fluviicola riflensis"
"Muricauda","Muricauda ruestringensis"
"Paludibacteraceae","Paludibacter"
"Muribaculaceae","Duncaniella"
"Maribacter","Maribacter sp. MAR_2009_60"
"Flavobacteriaceae","Costertonia"
"Capnocytophaga","Capnocytophaga sp. oral taxon 864"
"Chryseobacterium","Chryseobacterium piperi"
"Flavobacteriaceae","Kordia"
"Lacinutrix","Lacinutrix venerupis"
"Pedobacter","Pedobacter sp. KBS0701"
"Aequorivita","Aequorivita sp. H23M31"
"Elizabethkingia","Elizabethkingia sp. M8"
"Spirosoma","Spirosoma endbachense"
"Butyricimonas","Butyricimonas faecalis"
"Flavobacterium","Flavobacterium sangjuense"
"Prevotella","Prevotella dentalis"
"Barnesiellaceae","Barnesiella"
"Chitinophaga","Chitinophaga agri"
"Flavobacterium","Flavobacterium sp. 140616W15"
"Flavobacteriaceae","Aquimarina"
"Flavobacteriaceae","Psychroflexus"
"Chryseobacterium","Chryseobacterium manosquense"
"Cytophagaceae","Runella"
"Capnocytophaga","Capnocytophaga ochracea"
"Seonamhaeicola","Seonamhaeicola sp. S2-3"
"Kordia","Kordia antarctica"
"Arachidicoccus","Arachidicoccus ginsenosidivorans"
"Spirosoma","Spirosoma radiotolerans"
"Chryseobacterium","Chryseobacterium sp. G0201"
"Hymenobacter","Hymenobacter oligotrophus"
"Rikenellaceae","Alistipes"
"Sphingobacteriaceae","Anseongella"
"Pedobacter","Pedobacter ginsengisoli"
"Aquiflexum","Aquiflexum balticum"
"Flavobacteriaceae","Mesoflavibacter"
"Mucilaginibacter","Mucilaginibacter ginsenosidivorax"
"Chitinophagaceae","Phnomibacter"
"Kaistella","Chryseobacterium haifense"
"Formosa","Formosa sp. Hel1_31_208"
"Mucilaginibacter","Mucilaginibacter xinganensis"
"Cloacibacterium","Cloacibacterium normanense"
"Flavobacteriaceae","Zunongwangia"
"Hymenobacter","Hymenobacter sp. TS19"
"Pedobacter","Pedobacter sp. HDW13"
"Bacteroides","Bacteroides thetaiotaomicron"
"Flavobacterium","Flavobacterium sediminis"
"Wenyingzhuangia","Wenyingzhuangia fucanilytica"
"Bacteroidales","Phocaeicola"
"Bernardetiaceae","Bernardetia"
"Tannerellaceae","Tannerella"
"Dysgonomonadaceae","Proteiniphilum"
"Tenuifilaceae","Tenuifilum"
"Weeksellaceae","Epilithonimonas"
"Sphingobacterium","Sphingobacterium siyangense"
"Hymenobacter","Hymenobacter sp. S2-20-2"
"Hymenobacter","Hymenobacter russus"
"Arcticibacterium","Arcticibacterium luteifluviistationis"
"Sphingobacterium","Sphingobacterium spiritivorum"
"Flavobacteriaceae","Antarcticibacterium"
"Chryseobacterium","Chryseobacterium gleum"
"Bacteroidetes","Bacteroidetes bacterium UKL13-3"
"Blattabacterium","Blattabacterium sp. (Blattella germanica)"
"Myroides","Myroides odoratus"
"Capnocytophaga","Capnocytophaga sp. oral taxon 323"
"Myroides","Myroides sp. ZB35"
"Mucilaginibacter","Mucilaginibacter ginkgonis"
"Cytophagaceae","Arcticibacterium"
"Flavobacteriaceae","Sediminicola"
"Flavobacterium","Flavobacterium branchiophilum"
"Flavobacteriia","Flavobacteriales"
"Tamlana","Tamlana sp. s12"
"Blattabacterium","Blattabacterium sp. (Periplaneta americana)"
"Bacteroidetes","Cytophagia"
"Muricauda","Muricauda sp. 501str8"
"Alistipes","Alistipes dispar"
"Nonlabens","Nonlabens sp. Ci31"
"Bacteroidales","Tannerellaceae"
"Flammeovirgaceae","Flammeovirga"
"Blattabacterium","Blattabacterium sp. (Nauphoeta cinerea)"
"Hymenobacter","Hymenobacter sp. HDW8"
"Prevotella","Prevotella melaninogenica"
"Bacteroidetes","Chitinophagia"
"Flavobacterium","Flavobacterium album"
"Flavobacteriaceae","Croceibacter"
"Flavobacteriaceae","Nonlabens"
"Phnomibacter","Phnomibacter ginsenosidimutans"
"Pedobacter","Pedobacter sp. JBR3-12"
"Sphingobacterium","Sphingobacterium sp. B29"
"Weeksellaceae","Weeksella"
"Bacteroidetes","Flavobacteriia"
"Flavobacteriales","Blattabacteriaceae"
"Marivirga","Marivirga tractuosa"
"Salinivirga","Salinivirga cyanobacteriivorans"
"Capnocytophaga","Capnocytophaga cynodegmi"
"Sphingobacteriaceae","Sphingobacteriaceae bacterium GW460-11-11-14-LB5"
"Dyadobacter","Dyadobacter sp. Q3-56"
"Maribacter","Maribacter sp. MJ134"
"Bacteroides","Bacteroides caccae"
"Amoebophilaceae","Candidatus Amoebophilus"
"Flavobacteriaceae","Oceanihabitans"
"Bacteroides","Bacteroides eggerthii"
"Salegentibacter","Salegentibacter sp. T436"
"Prevotella","Prevotella fusca"
"Weeksellaceae","Kaistella"
"Flammeovirga","Flammeovirga sp. MY04"
"Prolixibacteraceae","Aquipluma"
"Prevotella","Prevotella oris"
"Chryseobacterium","Chryseobacterium balustinum"
"Maribacter","Maribacter cobaltidurans"
"Bacteroides","Bacteroides sp. CBA7301"
"Formosa","Formosa sp. Hel1_33_131"
"Niabella","Niabella soli"
"Polaribacter","Polaribacter sp. MED152"
"Hymenobacter","Hymenobacter jejuensis"
"Flavobacteriaceae","Lacinutrix"
"Chryseobacterium","Chryseobacterium indologenes"
"Mucinivorans","Mucinivorans hirudinis"
"Cytophagia","Cytophagales"
"Sphingobacteriaceae","Pseudopedobacter"
"Bacteroidales","Dysgonomonadaceae"
"Saprospira","Saprospira grandis"
"Flavobacterium","Flavobacterium columnare"
"Nonlabens","Nonlabens sp. MB-3u-79"
"Mucilaginibacter","Mucilaginibacter mallensis"
"Dysgonomonadaceae","Dysgonomonas"
"Filimonas","Filimonas lacunae"
"Bacteroidetes","Sphingobacteriia"
"Riemerella","Riemerella anatipestifer"
"Kaistella","Kaistella jeonii"
"Hymenobacter","Hymenobacter sp. PAMC 26628"
"Flavobacterium","Flavobacterium sp. xlx-214"
"Fulvivirga","Fulvivirga sp. S481"
"Gramella","Gramella sp. MAR_2010_147"
"Sphingobacterium","Sphingobacterium sp. ML3W"
"Flavobacterium","Flavobacterium sp. SLB02"
"Epilithonimonas","Epilithonimonas vandammei"
"Flavobacterium","Flavobacterium arcticum"
"Alistipes","Alistipes sp. dk3624"
"Sphingobacterium","Sphingobacterium multivorum"
"Runella","Runella slithyformis"
"Cyclobacteriaceae","Belliella"
"Cytophagaceae","Cytophaga"
"Emticicia","Emticicia oligotrophica"
"Bacteroidales","Tenuifilaceae"
"Bacteroides","Bacteroides sp. PHL 2737"
"Candidatus Cardinium","Cardinium endosymbiont of Encarsia pergandiella"
"Chryseolinea","Chryseolinea soli"
"Capnocytophaga","Capnocytophaga leadbetteri"
"Flavobacteriaceae","Muriicola"
"Flavobacteriaceae","Salegentibacter"
"Cyclobacteriaceae","Aquiflexum"
"Sphingobacterium","Sphingobacterium sp. dk4302"
"Winogradskyella","Winogradskyella sp. J14-2"
"Flavobacteriaceae","Zobellia"
"Marivirgaceae","Marivirga"
"Flavobacteriaceae","Flavivirga"
"Chryseobacterium","Chryseobacterium sp. SNU WT5"
"Porphyromonas","Porphyromonas asaccharolytica"
"Alistipes","Alistipes shahii"
"Robiginitalea","Robiginitalea biformata"
"Tenacibaculum","Tenacibaculum mesophilum"
"Cyclobacteriaceae","Cyclobacterium"
"Bacteroidales","Rikenellaceae"
"Nonlabens","Nonlabens sp. Hel1_33_55"
"Chitinophaga","Chitinophaga pinensis"
"Weeksellaceae","Cruoricaptor"
"Nibribacter","Nibribacter ruber"
"Polaribacter","Polaribacter sp. G4M1"
"Capnocytophaga","Capnocytophaga sputigena"
"Rufibacter","Rufibacter radiotolerans"
"Chryseobacterium","Chryseobacterium carnipullorum"
"Leadbetterella","Leadbetterella byssophila"
"Hymenobacter","Hymenobacter qilianensis"
"Solitalea","Solitalea canadensis"
"Myroides","Myroides profundi"
"Chryseobacterium","Chryseobacterium gallinarum"
"Flavobacteriaceae","Flavobacteriaceae bacterium"
"Weeksellaceae","Ornithobacterium"
"Salinibacter","Salinibacter ruber"
"Dysgonomonadaceae","Dysgonomonadaceae bacterium zrk40"
"Gramella","Gramella salexigens"
"Bacteria","Bacteroidetes"
"Flavobacteriaceae","Gillisia"
"Flavobacteriaceae","Muricauda"
"Porphyromonas","Porphyromonas crevioricanis"
"Mucilaginibacter","Mucilaginibacter celer"
"Dysgonomonadaceae","Fermentimonas"
"Echinicola","Echinicola sp. LN3S3"
"Hymenobacter","Hymenobacter swuensis"
"Aequorivita","Aequorivita sp. KX20305"
"Empedobacter","Empedobacter falsenii"
"Winogradskyella","Winogradskyella sp. PAMC22761"
"Hymenobacter","Hymenobacter sp. BRD67"
"Flavobacteriaceae","Gilvibacter"
"Barnesiellaceae","Coprobacter"
"Flavobacteriaceae","Urechidicola"
"Antarcticibacterium","Antarcticibacterium arcticum"
"Hymenobacteraceae","Rufibacter"
"Fulvivirgaceae","Fulvivirga"
"Flavobacterium","Flavobacterium nackdongense"
"Rufibacter","Rufibacter sp. DG15C"
"Spirosoma","Spirosoma aureum"
"Croceibacter","Croceibacter atlanticus"
"Niabella","Niabella ginsenosidivorans"
"Marinirhabdus","Marinirhabdus gelatinilytica"
"Hymenobacteraceae","Nibribacter"
"Prolixibacteraceae","Draconibacterium"
"Dokdonia","Dokdonia sp. MED134"
"Chryseobacterium","Chryseobacterium shandongense"
"Duncaniella","Duncaniella sp. B8"
"Cyclobacterium","Cyclobacterium amurskyense"
"Parabacteroides","Parabacteroides distasonis"
"Gramella","Gramella sp. MAR_2010_102"
"Kaistella","Kaistella flava (ex Peng et al. 2021)"
"Tenacibaculum","Tenacibaculum maritimum"
"Capnocytophaga","Capnocytophaga stomatis"
"Blattabacterium","Blattabacterium sp. (Mastotermes darwiniensis)"
"Cytophagales","Roseivirgaceae"
"Flavobacteriaceae","Flagellimonas"
"Pedobacter","Pedobacter roseus"
"Chryseobacterium","Chryseobacterium indoltheticum"
"Nonlabens","Nonlabens dokdonensis"
"Apibacter","Apibacter sp. B2966"
"Flavivirga","Flavivirga eckloniae"
"Dysgonomonadaceae","Petrimonas"
"Rikenellaceae","Mucinivorans"
"Cytophagales","Marivirgaceae"
"Tenuifilum","Tenuifilum thalassicum"
"Bacteroides","Bacteroides cellulosilyticus"
"Duncaniella","Duncaniella sp. C9"
"Cellulophaga","Cellulophaga lytica"
"Spirosoma","Spirosoma pollinicola"
"Pedobacter","Pedobacter steynii"
"Sediminicola","Sediminicola sp. YIK13"
"Flavobacteriaceae","Seonamhaeicola"
"Flavobacteriaceae","Maribacter"
"Bernardetia","Bernardetia litoralis"
"Schleiferiaceae","Croceimicrobium"
"Petrimonas","Petrimonas sp. IBARAKI"
"Cytophagaceae","Fibrella"
"Fibrella","Fibrella aestuarina"
"Mucilaginibacter","Mucilaginibacter sp. 14171R-50"
"Chryseobacterium","Chryseobacterium sp. 6424"
"Olleya","Olleya sp. Bg11-27"
"Proteiniphilum","Proteiniphilum saccharofermentans"
"Spirosoma","Spirosoma sp. KUDC1026"
"Sphingobacteriaceae","Olivibacter"
"Saprospirales","Saprospiraceae"
"Hymenobacter","Hymenobacter sp. APR13"
"Bacteroidales","Paludibacteraceae"
"Coprobacter","Coprobacter sp. 2CBH44"
"Cryomorphaceae","Cryomorphaceae bacterium"
"Olleya","Olleya aquimaris"
"Saprospiria","Saprospirales"
"Runella","Runella sp. HYN0085"
"Mesoflavibacter","Mesoflavibacter sp. HG37"
"Phocaeicola","Phocaeicola dorei"
"Bacteroides","Bacteroides sp. HF-162"
"Flavobacterium","Flavobacterium psychrophilum"
"Flavobacterium","Flavobacterium sp. BB8"
"Zobellia","Zobellia galactanivorans"
"Pontibacter","Pontibacter korlensis"
"Flavobacteriaceae","Arenibacter"
"Bacteroidetes","Bacteroidia"
"Spirosoma","Spirosoma sp. KCTC 42546"
"Formosa","Formosa sp. Hel3_A1_48"
"Myroides","Myroides odoratimimus"
"Cyclobacteriaceae","Echinicola"
"Fibrella","Fibrella sp. ES10-3-2-2"
"Lutibacter","Lutibacter profundi"
"Flavobacteriaceae","Myroides"
"Flavobacteriaceae","Altibacter"
"Chryseobacterium","Chryseobacterium sp. IHB B 17019"
"Spirosoma","Spirosoma sp. PL0136"
"Epilithonimonas","Chryseobacterium lactis"
"Nonlabens","Nonlabens ponticola"
"Arachidicoccus","Arachidicoccus soli"
"Polaribacter","Polaribacter sp. L12M9"
"Flavobacteriaceae","Marinirhabdus"
"Owenweeksia","Owenweeksia hongkongensis"
"Flavobacteriaceae","Tamlana"
"Flavobacteriaceae","Lutibacter"
"Psychroflexus","Psychroflexus torquis"
"Capnocytophaga","Capnocytophaga sp. oral taxon 878"
"Tannerellaceae","Parabacteroides"
"Cyclobacteriaceae","Algoriphagus"
"Belliella","Belliella baltica"
"Echinicola","Echinicola strongylocentroti"
"Hymenobacter","Hymenobacter sp. PAMC 26554"
"Tenacibaculum","Tenacibaculum dicentrarchi"
"Flavobacterium","Flavobacterium sp. KBS0721"
"Fulvivirgaceae","Chryseolinea"
"Blattabacterium","Blattabacterium sp. DPU"
"Flavobacteriaceae","Winogradskyella"
"Muribaculum","Muribaculum gordoncarteri"
"Elizabethkingia","Elizabethkingia anophelis"
"Chryseobacterium","Chryseobacterium sp. JV274"
"Cytophagales","Hymenobacteraceae"
"Weeksella","Weeksella virosa"
"Parabacteroides","Parabacteroides sp. CT06"
"Capnocytophaga","Capnocytophaga sp. oral taxon 902"
"Pseudopedobacter","Pseudopedobacter saltans"
"Porphyromonas","Porphyromonas cangingivalis"
"Phocaeicola","Phocaeicola salanitronis"
"Bacteroidales","Salinivirgaceae"
"Formosa","Formosa sediminum"
"Flavobacteriaceae","Pukyongia"
"Aquimarina","Aquimarina sp. TRL1"
"Chitinophagaceae","Panacibacter"
"Weeksellaceae","Apibacter"
"Bacteroides","Bacteroides sp. ZJ-18"
"Nonlabens","Nonlabens marinus"
"Spirosoma","Spirosoma montaniterrae"
"Flavobacteriales","Flavobacteriaceae"
"Sphingobacteriaceae","Solitalea"
"Hymenobacter","Hymenobacter sp. DG25B"
"Draconibacterium","Draconibacterium sp. M1"
"Gramella","Gramella flava"
"Pedobacter","Pedobacter sp. SW-16"
"Prevotella","Prevotella scopos"
"Flavobacteriaceae","Flavobacteriaceae bacterium 10Alg115"
"Flavobacteriaceae","Polaribacter"
"Hymenobacter","Hymenobacter nivis"
"Tenacibaculum","Tenacibaculum todarodis"
"Croceimicrobium","Croceimicrobium hydrocarbonivorans"
"Echinicola","Echinicola vietnamensis"
"Bacteroides","Bacteroides uniformis"
"Cytophagaceae","Spirosoma"
"Weeksellaceae","Planobacterium"
"Bacteroides","Bacteroides heparinolyticus"
"Cytophagales","Cytophagaceae"
"Bacteroidia","Marinilabiliales"
"Chitinophaga","Chitinophaga sp. MD30"
"Costertonia","Costertonia aggregata"
"Marinilabiliaceae","Alkalitalea"
"Altibacter","Altibacter sp. ALE3EI"
"Polaribacter","Polaribacter sp. SA4-12"
"Niastella","Niastella koreensis"
"Cytophagales","Fulvivirgaceae"
"Candidatus Amoebophilus","Candidatus Amoebophilus asiaticus"
"Fermentimonas","Fermentimonas caenicola"
"Flavobacterium","Flavobacterium johnsoniae"
"Formosa","Formosa agariphila"
"Bacteroides","Bacteroides ovatus"
"Chitinophagaceae","Lacibacter"
"Gillisia","Gillisia sp. Hel1_33_143"
"Lacinutrix","Lacinutrix sp. 5H-3-7-4"
"Flavobacteriaceae","Gramella"
"Flavobacterium","Flavobacterium indicum"
"Blattabacterium","Blattabacterium sp. (Blatta orientalis)"
"Schleiferiaceae","Owenweeksia"
"Olivibacter","Olivibacter sp. SDN3"
"Elizabethkingia","Elizabethkingia sp. 2-6"
"Pseudobacter","Pseudobacter ginsenosidimutans"
"Tannerella","Tannerella sp. oral taxon HOT-286"
"Blattabacterium","Blattabacterium punctulatus"
"Prevotellaceae","Prevotella"
"Bacteroides","Bacteroides xylanisolvens"
"Pedobacter","Pedobacter heparinus"
"Chryseobacterium","Chryseobacterium glaciei"
"Dokdonia","Dokdonia sp. Dokd-P16"
"Polaribacter","Polaribacter sp. Hel1_33_78"
"Blattabacterium","Blattabacterium sp. (Blaberus giganteus)"
"Flavobacteriaceae","Tenacibaculum"
"Sphingobacterium","Sphingobacterium sp. 21"
"Saprospiraceae","Saprospira"
"Tenacibaculum","Tenacibaculum jejuense"
"Candidatus Azobacteroides","Candidatus Azobacteroides pseudotrichonymphae"
"Hymenobacteraceae","Pontibacter"
"Pedobacter","Pedobacter sp. PACM 27299"
"Arenibacter","Arenibacter algicola"
"Flavobacterium","Flavobacterium commune"
"Chitinophagaceae","Paraflavitalea"
"Chitinophaga","Chitinophaga sp. 1303"
"Petrimonas","Petrimonas mucosa"
"Blattabacteriaceae","Blattabacterium"
"Chryseobacterium","Chryseobacterium sp. G0186"
"Mucilaginibacter","Mucilaginibacter gotjawali"
"Polaribacter","Polaribacter sp. KT25b"
"Chryseobacterium","Chryseobacterium sp. StRB126"
"Sphingobacterium","Sphingobacterium sp. CZ-2"
"Flavobacteriaceae","Cellulophaga"
"Gramella","Gramella fulva"
"Flavobacteriaceae","Euzebyella"
"Flavobacteriaceae","Flavobacteriaceae bacterium UJ101"
"Sphingobacteriales","Sphingobacteriaceae"
"Capnocytophaga","Capnocytophaga sp. FDAARGOS_737"
"Porphyromonadaceae","Porphyromonas"
"Prevotella","Prevotella sp. oral taxon 299"
"Mucilaginibacter","Mucilaginibacter ginsenosidivorans"
"Mucilaginibacter","Mucilaginibacter sp. F39-2"
"Phocaeicola","Phocaeicola coprophilus"
"Prevotella","Prevotella sp. WR041"
"Polaribacter","Polaribacter haliotis"
"Psychroserpens","Psychroserpens sp. NJDZ02"
"Haliscomenobacter","Haliscomenobacter hydrossis"
"Flavisolibacter","Flavisolibacter tropicus"
"Gramella","Gramella forsetii"
"Chitinophaga","Chitinophaga alhagiae"
"Hymenobacter","Hymenobacter sp. BRD128"
"Saprospirales","Haliscomenobacteraceae"
"Cytophaga","Cytophaga hutchinsonii"
"Flavobacteriales","Ichthyobacteriaceae"
"Alistipes","Alistipes indistinctus"
"Alistipes","Alistipes onderdonkii"
"Polaribacter","Polaribacter sp. ALD11"
"Flavobacteriales","Candidatus Uzinura diaspidicola"
"Chryseobacterium","Chryseobacterium sp. POL2"
"Muricauda","Muricauda lutaonensis"
"Chitinophagaceae","Niabella"
"Lacinutrix","Lacinutrix sp. Bg11-31"
"Odoribacteraceae","Butyricimonas"
"Prevotella","Prevotella denticola"
"Alistipes","Alistipes finegoldii"
"Flagellimonas","Flagellimonas maritima"
"Flavobacterium","Flavobacterium sp. Sr18"
"Labilibaculum","Labilibaculum antarcticum"
"Mucilaginibacter","Mucilaginibacter rubeus"
"Flavobacterium","Flavobacterium magnum"
"Bacteroidales","Porphyromonadaceae"
"Winogradskyella","Winogradskyella sp. PC-19"
"Chryseobacterium","Chryseobacterium sp. NBC 122"
"Flavobacteriaceae","Formosa"
"Flavobacterium","Flavobacterium sp. HYN0086"
"Bacteroidales","Bacteroidales bacterium CF"
"Cytophagaceae","Leadbetterella"
"Odoribacter","Odoribacter splanchnicus"
"Bacteroidales","Muribaculaceae"
"Sphingobacteriaceae","Mucilaginibacter"
"Cytophagales","Cytophagales bacterium TFI 002"
"Mariniflexile","Mariniflexile sp. TRM1-10"
"Sphingobacterium","Sphingobacterium mizutaii"
"Capnocytophaga","Capnocytophaga canimorsus"
"Myroides","Myroides sp. A21"
"Pedobacter","Pedobacter sp. CJ43"
"Alloprevotella","Alloprevotella sp. E39"
"Cytophagales","Amoebophilaceae"
"Sphingobacterium","Sphingobacterium psychroaquaticum"
"Lacinutrix","Lacinutrix sp. WUR7"
"Prevotella","Prevotella jejuni"
"Roseivirgaceae","Roseivirga"
"Sphingobacterium","Sphingobacterium sp. UDSM-2020"
"Bacteroidales","Barnesiellaceae"
"Algibacter","Algibacter alginicilyticus"
"Dysgonomonas","Dysgonomonas sp. HDW5A"
"Olivibacter","Olivibacter sp. LS-1"
"Dyadobacter","Dyadobacter fermentans"
"Muribaculum","Muribaculum intestinale"
"Kaistella","Kaistella carnis"
"Weeksellaceae","Elizabethkingia"
"Elizabethkingia","Elizabethkingia miricola"
"Porphyromonas","Porphyromonas gingivalis"
"Bergeyella","Bergeyella cardium"
"Pedobacter","Pedobacter sp. PAMC26386"
"Empedobacter","Empedobacter brevis"
"Sphingobacteriaceae","Pedobacter"
"Chryseobacterium","Chryseobacterium arthrosphaerae"
"Flavobacteriaceae","Mariniflexile"
"Tenacibaculum","Tenacibaculum sp. SZ-18"
"Polaribacter","Polaribacter sp. SM13"
"Flavobacteriaceae","Flavobacteriaceae bacterium F202Z8"
"Paraflavitalea","Paraflavitalea soli"
"Candidatus Cardinium","Cardinium endosymbiont of Sogatella furcifera"
"Capnocytophaga","Capnocytophaga sp. H2931"
"Runella","Runella sp. SP2"
"Flavobacteriaceae","Siansivirga"
"Sphingobacterium","Sphingobacterium thalpophilum"
"Flavobacterium","Flavobacterium sp. MDT1-60"
"Chitinophagia","Chitinophagales"
"Mucilaginibacter","Mucilaginibacter gossypii"
"Mucilaginibacter","Mucilaginibacter sp. PAMC 26640"
"Bacteroides","Bacteroides fragilis"
"Sphingobacteriaceae","Sphingobacterium"
"Psychroflexus","Psychroflexus sp. ALD_RP9"
"Amoebophilaceae","Candidatus Cardinium"
"Dokdonia","Dokdonia donghaensis"
"Chryseobacterium","Chryseobacterium sp. cx-624"
"Hymenobacteraceae","Adhaeribacter"
"Dokdonia","Dokdonia sp. 4H-3-7-5"
"Prevotella","Prevotella enoeca"
"Flavobacteriaceae","Flavobacterium"
"Ichthyobacteriaceae","Ichthyobacterium"
"Polaribacter","Polaribacter reichenbachii"
"Chitinophagaceae","Chitinophaga"
"Flavobacteriaceae","Flavobacteriaceae bacterium 3519-10"
"Zunongwangia","Zunongwangia profunda"
"Bacteroides","Bacteroides sp. CACC 737"
"Hymenobacter","Hymenobacter sp. NBH84"
"Arachidicoccus","Arachidicoccus sp. B3-10"
"Roseivirga","Roseivirga pacifica"
"Bacteroidales","Odoribacteraceae"
"Arachidicoccus","Arachidicoccus sp. BS20"
"Chryseobacterium","Chryseobacterium sp. SNU WT7"
"Pukyongia","Pukyongia salina"
"Pontibacter","Pontibacter actiniarum"
"Flavobacterium","Flavobacterium alkalisoli"
"Tenacibaculum","Tenacibaculum sp. DSM 106434"
"Phocaeicola","Phocaeicola vulgatus"
"Bacteroides","Bacteroides intestinalis"
"Cruoricaptor","Cruoricaptor ignavus"
"Algoriphagus","Algoriphagus sanaruensis"
"Flammeovirgaceae","Flammeovirgaceae bacterium 311"
"Flavobacterium","Flavobacterium gilvum"
"Kordia","Kordia sp. SMS9"
"Flavobacterium","Flavobacterium sp. M31R6"
"Aquimarina","Aquimarina sp. BL5"
"Chitinophagaceae","Niastella"
"Ichthyobacterium","Ichthyobacterium seriolicida"
"Fluviicola","Fluviicola taffensis"
"Maribacter","Maribacter sp. T28"
"Cytophagaceae","Dyadobacter"
"Bacteroides","Bacteroides helcogenes"
"Elizabethkingia","Elizabethkingia ursingii"
"Flavobacteriaceae","Robiginitalea"
"Euzebyella","Euzebyella marina"
"Flavobacteriaceae","Flavobacteriaceae bacterium AU392"
"Hymenobacter","Hymenobacter sp. DG25A"
"Aquipluma","Aquipluma nitroreducens"
"Maribacter","Maribacter sp. HTCC2170"
"Flavobacteriaceae","Dokdonia"
"Capnocytophaga","Capnocytophaga sp. ChDC OS43"
"Marinifilaceae","Labilibaculum"
"Spirosoma","Spirosoma linguale"
"Flavobacteriaceae","Wenyingzhuangia"
"Aequorivita","Aequorivita sublithincola"
"Polaribacter","Polaribacter sp. BM10"
"Sphingobacteriia","Sphingobacteriales"
"Bacteroidetes Order II. Incertae sedis","Rhodothermaceae"
"Pedobacter","Pedobacter sp. G11"
"Pedobacter","Pedobacter cryoconitis"
"Mesoflavibacter","Mesoflavibacter sp. HG96"
"Weeksellaceae","Empedobacter"
"Chryseobacterium","Chryseobacterium sp. 3008163"
"Sphingobacterium","Sphingobacterium daejeonense"
"Bacteroides","Bacteroides sp. M10"
"Chryseobacterium","Chryseobacterium sp. NEB161"
"Panacibacter","Panacibacter ginsenosidivorans"
"Crocinitomicaceae","Fluviicola"
"Chryseobacterium","Chryseobacterium cucumeris"
"Rhodothermaceae","Rhodothermaceae bacterium RA"
"Apibacter","Apibacter sp. B3706"
"Prevotella","Prevotella intermedia"
"Haliscomenobacteraceae","Haliscomenobacter"
"Chitinophagaceae","Arachidicoccus"
"Flavobacterium","Flavobacterium sp. LPB0248"
"Bacteroidales","Candidatus Azobacteroides"
"Rufibacter","Rufibacter tibetensis"
"Oceanihabitans","Oceanihabitans sp. IOP_32"
"Chryseobacterium","Chryseobacterium joostei"
"Chitinophagaceae","Pseudobacter"
"Flavisolibacter","Flavisolibacter ginsenosidimutans"
"Tamlana","Tamlana carrageenivorans"
"Empedobacter","Empedobacter stercoris"
"Sphingobacterium","Sphingobacterium sp. PM2-P1-29"
"Hymenobacter","Hymenobacter sedentarius"
"Elizabethkingia","Elizabethkingia meningoseptica"
"Flavobacteriaceae","Galbibacter"
"Chitinophaga","Chitinophaga sp. 1310"
"Weeksellaceae","Riemerella"
"Chitinophagaceae","Filimonas"
"Marinilabiliales","Marinifilaceae"
"Rhodocytophaga","Rhodocytophaga rosea"
"Marinilabiliales","Prolixibacteraceae"
"Siansivirga","Siansivirga zeaxanthinifaciens"
"Muribaculaceae","Muribaculum"
"Elizabethkingia","Elizabethkingia sp. JS20170427COW"
"Polaribacter","Polaribacter sp. SA4-10"
"Kaistella","Kaistella antarctica"
"Adhaeribacter","Adhaeribacter radiodurans"
"Flavobacteriales","Crocinitomicaceae"
"Salinivirgaceae","Salinivirga"
"Spirosoma","Spirosoma sp. CJU-R4"
"Anseongella","Anseongella ginsenosidimutans"
"Cytophagales","Bernardetiaceae"
"Chitinophaga","Chitinophaga sp. XS-30"
"Chitinophaga","Chitinophaga caeni"
"Polaribacter","Polaribacter sejongensis"
"Flavobacteriaceae","Capnocytophaga"
"Chryseobacterium","Chryseobacterium bernardetii"
"Bacteroidaceae","Bacteroides"
"Cellulophaga","Cellulophaga algicola"
"Barnesiella","Barnesiella viscericola"
"Maribacter","Maribacter sp. 1_2014MBL_MicDiv"
"Muriicola","Muriicola sp. MMS17-SY002"
"Bacteroidetes","Saprospiria"
"Weeksellaceae","Chryseobacterium"
"Cytophagaceae","Emticicia"
"Polaribacter","Polaribacter vadi"
"Gilvibacter","Gilvibacter sp. SZ-19"
"Winogradskyella","Winogradskyella sp. RHA_55"
"Cyclobacterium","Cyclobacterium marinum"
"Flavobacterium","Flavobacterium sp. CLA17"
"Lacibacter","Lacibacter sp. S13-6-6"
"Paludibacter","Paludibacter propionicigenes"
"Marinilabiliales","Marinilabiliaceae"
"Rhodothermaceae","Rhodothermus"
"Chitinophagaceae","Thermoflavifilum"
"Flavobacterium","Flavobacterium crocinum"
"Chitinophagales","Chitinophagaceae"
"Nonlabens","Nonlabens spongiae"
"Cytophagaceae","Rhodocytophaga"
"Bacteroides","Bacteroides caecimuris"
"Flavobacteriaceae","Olleya"
"Bacteroidales","Bacteroidaceae"
"Aquimarina","Aquimarina sp. AD10"
"Hymenobacteraceae","Hymenobacter"
"Urechidicola","Urechidicola croceus"
"Chryseobacterium","Chryseobacterium nakagawai"
"Winogradskyella","Winogradskyella sp. PG-2"
"Capnocytophaga","Capnocytophaga haemolytica"
"Chryseobacterium","Chryseobacterium sp. FDAARGOS 1104"
"Chryseobacterium","Chryseobacterium sp. T16E-39"
"Flammeovirga","Flammeovirga pectinis"
"Candidatus Cardinium","Candidatus Cardinium hertigii"
"Dysgonomonas","Dysgonomonas sp. HDW5B"
"Flavobacteriaceae","Flavobacteriaceae bacterium MAR_2010_188"
"Cytophagales","Flammeovirgaceae"
"Chryseobacterium","Chryseobacterium sp. G0162"
"Prevotellaceae","Alloprevotella"
"Mucilaginibacter","Mucilaginibacter mali"
"Pontibacter","Pontibacter sp. SGAir0037"
"Prevotella","Prevotella copri"
"Nonlabens","Nonlabens sp. MIC269"
"Flavobacteriales","Cryomorphaceae"
"Spirosoma","Spirosoma taeanense"
"Rhodothermus","Rhodothermus marinus"
"Bacteroides","Bacteroides sp. A1C1"
"Butyricimonas","Butyricimonas virosa"
"Ornithobacterium","Ornithobacterium rhinotracheale"
"Flavobacterium","Flavobacterium pallidum"
